"Eestimaine broileripooltiib, TALLEGG, 400 g"
"Eestimaise broilerifilee tükid, TALLEGG, 400 g"
"Delikatesshakkliha, MAKS&MOORITS, 300 g"
"Keeduvorst Laste, RAKVERE LK, 190 g"
"Juustuvorst, RAKVERE LK, 600 g"
"Keeduvorst  Laste, RAKVERE LK, 300 g"
"Keeduvorst Doktori, RAKVERE LK, 300 g"
"Võileivavorst, VALLA, 240 g"
"Paprikalõige, RANNAROOTSI, 150 g"
"Rakvere õllesigar, RAKVERE LK, 120 g"
"Poolsuitsuvorst Tõmmu, WÕRO, 350 g"
"Täissuitsuvorst Mündi, OSKAR, 210 g"
"Täissuitsuvorst Pepperoni, OSKAR, 80 g"
"Poolsuitsuvorst Mini, NÕO, 135 g"
"Keedusalaami Vasalli, NÕO, 105 g"
"Täissuitsuvorst Moskva, NÕO, 250 g"
"Snäkk Parmigiano-Reggiano juustuga, NÕO, 85 g"
"Sealihasnäkk, SELVER, 85 g"
"Põdra snäkk, KARNI, 120 g"
"Kabanossi snäkk, RAKVERE LK, 120 g"
"Kanasigar, TALLEGG, 200 g"
"Mini õllesigarid, RAKVERE LK, 300 g"
"Viru poolsuitsuvorst, MAKS&MOORITS, 300 g"
"Lihaveise täissuitsuvorst, RANNAROOTSI, 240 g"
"Täissuitsuvorst Parmigano Reggiano juustuga, KARNI, 250 g"
"Klassikaline Super snäkk, MAKS&MOORITS, 85 g"
"Juustu Super snäkk, MAKS&MOORITS, 85 g"
"Tõmmu suitsuvorst juustuga, WÕRO, 350 g"
"Forte juustuga täissuitsuvorst, MAKS&MOORITS, 240 g"
"Pereviiner, RAKVERE LK, 500 g"
"Sealihasardell, RANNAROOTSI, 500 g"
"Viiner Ehe, RANNAROOTSI, 330 g"
"Õllemops juustuga, WÕRO, 500 g"
"Toored grillvorstid lambasooles, VASTSE-KUUSTE, 500 g"
"Maitselt mahedad toorvorstikesed, MAKS&MOORITS, 450 g"
"Forte juustu toorvorstikesed, MAKS&MOORITS, 450 g"
"Šašlõki toorvorstikesed, MAKS&MOORITS, 450 g"
"Toorvorstid kanalihaga Fitlap, NÕO, 400 g"
"Suitsutatud poolkoib, TALLEGG, 600 g"
"Kana snäkk, TALLEGG, 80 g"
"Fuet salaami Nobleza, ELPOZO, 200 g"
"Fuetec salaami, ELPOZO, 170 g"
"Tapas selection, EMBUTIDOS CAULA, 120 g"
"Serrano sink, EMBUTIDOS CAULA, 100 g"
"Mini kuivatatud vorst, AOSTE, 120 g"
"Suitsune kana snäkk, TALLEGG, 80 g"
"Kuivatatud sealiha tšilliga, RAKVERE LK, 50 g"
"Kuivatatud veiseliha, RAKVERE LK, 50 g"
"Salaami Fuetec Iberico, ELPOZO, 150 g"
"Chorizo, RAKVERE LK, 105 g"
"Vinnutatud sealiha Tšilli, MAKS&MOORITS, 50 g"
"Vürtsikad broilerifileeribad kuivatatud, TALLEGG, 80 g"
"Vürtsisealiha, FRANK POTT, 325 g"
"Sealiha omas mahlas, RANNAROOTSI, 240 g"
"Veiseliha omas mahlas, RANNAROOTSI, 240 g"
"Turistieine, RANNAROOTSI, 240 g"
"Põdraliha konserv, LINNAMÄE LIHATÖÖSTUS, 240 g"
"Hautatud sealiha, KODUKÜLA, 250 g"
"Kana-juustupihvid, TALLEGG, 320 g"
"Kanafilee hakksnitsel, TALLEGG, 340 g"
"Lihapihvid, MAKS&MOORITS, 400 g"
"Paneeritud fileešnitsel, MAKS&MOORITS, 280 g"
"Kanafileenagitsad, TALLEGG, 300 g"
"Delikatess maksapasteet, NÕO, 200 g"
"Pasteet Karni, KARNI, 170 g"
"Saiakate, RAKVERE LK, 300 g"
"Sealihasült, OSKAR, 330 g"
"Delikatessrulaad, TALLEGG, 150 g"
"Veiselihasink Õhemast Õhem, MAKS&MOORITS, 170 g"
"Suitsusink Õhemast Õhem, MAKS&MOORITS, 170 g"
"Delikatess-sink tailihast, MAKS&MOORITS, 170 g"
"Kuumsuitsu peekon, SAAREMAA, 120 g"
"Keele zeleevorst, OSKAR, 120 g"
"Hommikupeekon, NÕO, 135 g"
"Kuningate sink, KARNI, 120 g"
"Suitsutatud sea välisfilee, RAKVERE LK, 130 g"
"Delikatess tagatüki sink, MAKS&MOORITS, 150 g"
"Suitsukanakuubikud, TALLEGG, 300 g"
"Seasink välisfileest Ehe, RANNAROOTSI, 120 g"
"Veisesink välisfileest Ehe, RANNAROOTSI, 120 g"
"Sea välisfilee suitsusink, RANNAROOTSI, 150 g"
"Seavälisfilee sink, MAKS&MOORITS, 150 g"
"Keedusink Prosciutto Cotto, NEGRONI, 150 g"
"Viini šnitsel, RANNAROOTSI, 400 g"
"Kirsi-rummimarinaadis grill-liha seavälisfileest, RAKVERE LK, 580 g"
"Kuldne grillribi  eelküpsetatud, RANNAROOTSI, 900 g"
"Grill-liha Armeenia, MAKS&MOORITS, 500 g"
"Grill-liha seavälisfileest Ehe, RANNAROOTSI, 400 g"
"Poolkoivad jogurti-tillimarinaadis, TALLEGG, 800 g"
"Poolkoivad klassikalises marinaadis, TALLEGG, 800 g"
"Fileest minutipihv suitsujuustuga, TALLEGG, 350 g"
"Kanasteigid glasuuritud, NÕO, 400 g"
"Kintsulihast steik kolme juustuga, TALLEGG, 400 g"
"Soolalõhe fileelõigud viilutatud, M.V.WOOL, 100 g"
"Õrnsoola lõhefilee viilud, FISH TAVERN, 100 g"
"Vikerforellifilee õrnas soolas tilliga, viilutatud, HEIMON, 90 g"
"Külmsuitsu lõheviilud, AVEKTRA, 100 g"
"Kuumsuitsu skumbriafilee nahaga, VICI, 175 g"
"Marineeritud skumbria, M.V.WOOL, 250 g"
"Marineeritud tursk, M.V.WOOL, 250 g"
"Marineeritud angersäga, M.V.WOOL, 250 g"
"Heeringafilee sinepikastmes, M.V.WOOL, 250 g"
"Vürtsikilufilee, KAPTEN GRANT, 130 g"
"Vürtsikilu fileed õlis, BRIIS, 160 g"
"Vürtsikilu filee, BRIIS, 160 g"
"Heeringafilee traditsiooniline, VICI, 240 g"
"Heeringafilee ürdikastmes, marineeritud, VICI, 250 g"
"Atlandi heeringafilee tükid sibulaga õlis, VICI, 200 g"
"Atlandi heeringafilee tükid tilliga õlis, VICI, 200 g"
"Heeringafilee rasvane, VICI, 240 g"
"Heeringafilee vähesoolane, KAPTEN GRANT, 240 g"
"Heeringafilee nahaga soolvees, VICI, 240 g"
"Puhastatud praetud kilu, BRIIS, 170 g"
"Ahvenafilee tomatimarinaadis, PEIPSI KALATÖÖSTUS, 330 g"
"Marineeritud angerjas, VÄNDRA KALATOOTED, 250 g"
"Kodused kalakotletid tilliga, HEIMON, 300 g"
"Atlandi heeringafilee punase sibulaga, VICI, 200 g"
"Krabimaitselised pulgad, VICI, 150 g"
"Krabimaitselised pulgad, VICI, 300 g"
"Krabimaitselised pulgad Smart Choice, VICI, 400 g"
"Krabimaitseline Lumekrabipulk, VICI, 150 g"
"Krevetid soolvees 200 g, VICI, 100 g neto"
"Rannakarbid soolvees 200 g, VICI, 100 g neto"
"Skumbria tomatikastmes, KAPTEN GRANT, 240 g"
"Tuunikala suured tükid õlis, KAPTEN GRANT, 185 g"
"Tuunikala suured tükid soolvees, KAPTEN GRANT, 185 g"
"Tuunikala tükid tomatikastmes, KAPTEN GRANT, 185 g"
"Tuunikala tükid õlis tšilliga, KAPTEN GRANT, 185 g"
"Tuunikala filee tomatikastmes, CALVO, 160 g"
"Sprotid õlis, RANNAKÜLA, 240 g"
"Sprotid õlis, RANNAKÜLA, 100 g"
"Sprotid tomatikastmes, RANNAKÜLA, 100 g"
"Sardiinid tomatikastmes, RANNAKÜLA, 100 g"
"Tursamaks naturaalne, 250 g"
"Tuunikalatükid vees, CALVO, 142 g"
"Meremari punane, KRISKAL, 113 g"
"Lõhepasteet, ABBA, 145 g"
"Tuunikala pasteet, ABBA, 145 g"
"Kondenspiim suhkru ja kakaoga, JAANI, 250 g"
"Piimajook 1,5%, VALIO EILA, 1 l"
"Keefir 2,5%, NOPRI, 1 kg"
"Kamakeefir 2,2%, GEFILUS, 300 g"
"Kohvikoor plokis 10%, ZOTT, 10x10 g"
"Hapukoor 20% kiles, ALMA, 250 g"
"Hapukoor 10% kiles, ALMA, 250 g"
"Köögikaste, ALPRO, 250 ml"
"Šokolaadi sojajook, ALPRO, 250 ml"
"Sojajook banaanimaitseline, ALPRO, 250 ml"
"Vanilli sojajook, ALPRO, 250 ml"
"Mandlijook, ALPRO, 1 l"
"Mandlijook, ALPRO, 250 ml"
"Mandlijook magustamata, ALPRO, 1 l"
"Kookosejook riisiga, ALPRO, 1 l"
"India pähkli jook, ALPRO, 1 l"
"Kaerajook gluteenivaba UHT, VALIO ODDLYGOOD, 1 l"
"Vahustatav kaerajook Barista Edition, OATLY, 1 l"
"Mahe kaerajook, OATLY, 1 l"
"Kaerajook, OATLY, 1 l"
"Barista mandlijook, ALPRO, 1 l"
"Jogurtijuuretisega sojatoode vaniljemaitseline, ALPRO, 500 g"
"Jogurtijuuretisega sojatoode, virsiku maitseline, ALPRO, 150 g"
"Jogurtijuuretisega sojatoode, mustikamaitseline., ALPRO, 150 g"
"Glasuuritud tofu dessert šokolaadimaitsega, BALTAIS, 40 g"
"Taimne võileivamääre kaerast, OATLY, 150 g"
"Taimne hapukooreasendaja kaerast 15%, OATLY, 200 g"
"Köögikreem kaerast 13%, OATLY, 250 ml"
"Mahe köögikreem kaerast 13%, OATLY, 250 ml"
"Kohupiim 5%, TERE, 200 g"
"Kohupiim vanilliga magus, TERE, 200 g"
"Kohupiimakreem vanilli 2,5%, ALMA, 300 g"
"Kohupiimakreem rosina-vanilli 4%, ALMA, 380 g"
"Kohupiimakreem mustikakisselliga, TERE, 150 g"
"Kohupiimakreem brownie, ALMA, 380 g"
"Jogurtijook metsamarja, HELLUS, 4x100 g"
"Emma Jogurt riisikuulidega šokolaadis, EMMA, 145 g"
"Maasikamaitseline jogurt kiles, SELVER, 1 kg"
"Koorene jogurt kirssidega, FARMI, 400 g"
"Maitsestamata jogurt 2,5%, VALIO GEFILUS, 380 g"
"Jogurt mustika 2%, VALIO GEFILUS, 380 g"
"Jogurt virsik-papaia 2%, VALIO GEFILUS, 380 g"
"Maitsestamata jogurt 5%, SAARE, 400 g"
"Jogurt maasika, ACTIVIA, 4x120 g"
"Jogurt mustika, ACTIVIA, 4x120 g"
"Joogijogurt maasika-kiivi, ACTIVIA, 300 g"
"Koorejogurt Muah crème brulée maitseline 6,5%, ALMA, 380 g"
"Jogurtismuuti banaani-maasika-kiivi, ALMA, 275 g"
"Koorejogurt Muah stracciatella, ALMA, 380 g"
"Vaniljejogurt, DANONKI, 70 g"
"Maasikajogurt, DANONKI, 70 g"
"Kreeka jogurt 10%, SAARE, 380 g"
"Kreeka jogurt maitsestamata, ALMA, 180 g"
"Metsamarja jogurt kiles, SELVER, 1 kg"
"Proteiinijogurt maasika, VALIO PROFEEL, 200 g"
"Kreeka jogurt metsmaasika, ALMA, 370 g"
"Kreeka jogurt mustika, ALMA, 370 g"
"Joogijogurt mango, ALMA, 900 g"
"Kreeka jogurt vaarikamoosi ja jõhvikamüsliga, laktoosivaba, TERE, 150 g"
"Kreeka jogurt mustikamoosi ja jõhvikamüsliga, laktoosivaba, TERE, 150 g"
"Jogurt pohla-mustika müsliga, HELLUS, 350 g"
"Proteiinijogurtijook metsamarja, VALIO PROFEEL, 275 g"
"AB-Skyr joogijogurt vaarika-granaatõuna, FARMI, 1 kg"
"Jogurt jäätisemaitseline kommidega, EMMA, 145 g"
"Jogurt mango ja chia seemnetega, HELLUS, 350 g"
"Jogurtine toorpuder mustikate ja chia seemnetega, FARMI, 175 g"
"Proteiinijogurtijook troopiline, VALIO PROFEEL, 275 g"
"Jogurtine toorpuder vaarikate ja chia seemnetega, FARMI, 175 g"
"AB-Skyr joogijogurt mango-passion, FARMI, 1 kg"
"Kakaopuding, TERE, 250 g"
"Vanillipuding, TERE, 250 g"
"Kirsimaitseline tarretis, JÄNKS, 150 g"
"Koorene vaniljepuding 4,9%, FARMI, 230 g"
"Kiivimaitseline tarretis, FARMI, 150 g"
"Proteiinipuding Fit kakao, TERE, 150 g"
"Proteiinipuding Fit vanilli, TERE, 150 g"
"Proteiinipuding soolakaramelli, TERE, 150 g"
"Kakaopuding, SELVERI KÖÖK, 150 g"
"Petimaius maasika-vanilje, FARMI, 150 g"
"Petimaius mango-aprikoosi, FARMI, 150 g"
"Petimaius mustsõstra-vaarika, FARMI, 150 g"
"Kohuke Classic vanilli multipakk, TERE, 7x43 g"
"Glasuurkohuke Classic vanilli, TERE, 43 g"
"Kohuke Toffee, SAARE, 40 g"
"Kohupiima juustuke vanilla, KARUMS, 45 g"
"Kohuke vanilli (laktoosivaba), SAARE, 40 g"
"Kamabatoon, RÕNGU PAGAR, 38 g"
"Kohup.dessert valge glasuuri vaarikatäidisega, JEPPI, 38 g"
"Kodujuust murakamoosiga 5%, ALMA, 200 g"
"Kodujuust väherasvane Laktoosivaba, FARMI, 330 g"
"Juustu mix, FARMI, 200 g"
"Eesti juust viilutatud, E-PIIM, 150 g"
"Juust Edam 24% viilutatud, MO SAAREMAA, 500 g"
"Hollandi Leibjuust 26% viilutatud, MO SAAREMAA, 150 g"
"Eesti juust, VALIO, 350 g"
"Viilujuust Royal Gouda Red, VALIO, 150 g"
"Royal Gouda Red juust, VALIO, 250 g"
"Juust Maasdam 28,3% viilutatud, ESTOVER, 150 g"
"Juust Emmental 28,5% viilutatud, ESTOVER, 150 g"
"Juustupulgad, PIK-NIK, 140 g"
"Suitsujuust 18%, TERE, 200 g"
"Mozzarella viilud, ARLA, 150 g"
"Juustupulgad lastele, PIK-NIK, 140 g"
"Suitsutatud juusturibad, DELIKATESS, 55 g"
"Juustupulgad, PIK-NIK, 280 g"
"Juusturibad küüslauguga, DELIKATESS, 55 g"
"Juust Atleet Cheddar, VALIO, 250 g"
"Riivjuust Atleet küpsetistele, VALIO, 200 g"
"Riivjuust Eesti, VALIO, 500 g"
"Juust E-Piim Special, E-PIIM, 350 g"
"Öko Saaremaa mahejuust viilud, MO SAAREMAA, 150 g"
"Riivjuust Cheddar, VALIO, 200g"
"Toasty Sandwich viilud, ZOTT, 120 g"
"Kitse- ja lehmapiima Gouda, NOPRI, 200 g"
"Sibula-küüslaugu Gouda, NOPRI, 250 g"
"Sinepiseemne Gouda, NOPRI, 250 g"
"Toorjuust Classic, PHILADELPHIA, 200 g"
"Sulatatud juust krevetiga, MEREVAIK, 200 g"
"Sulatatud juust kukeseentega, MEREVAIK, 200 g"
"Sulatatud juust röstitud kanaga, MEREVAIK, 200 g"
"Toorjuust Light murulauguga, PHILADELPHIA, 200 g"
"Sulatatud juust suitsukanaga, VALIO VIOLA, 185 g"
"Sulatatud juust (laktoosivaba), MEREVAIK, 200 g"
"Sulatatud juust tomatiga, MEREVAIK, 200 g"
"Sinihallitusjuust Dorblu, KÄSEREI, 100 g"
"Sini-valgehallitusjuust, BERGADER, 150 g"
"Juust Forte Speciale, VALIO, 180 g"
"Valge juust soolavees, APETINA, 200 g"
"Valgehallitusjuust Danish Brie, CASTELLO, 125 g"
"Pehme valge juust, ATHENA, 500 g"
"Juust Forte Classico 26%, VALIO, 180 g"
"Riivjuust Forte Classico 26%, VALIO, 80 g"
"Juust Fitaki, KÄSEREI, 200 g"
"Valgehallitusjuust Danish Camembert, CASTELLO, 125 g"
"Sinihallitusjuust Blu 50%, KÄSEREI, 100 g"
"Sinihallitusjuust Cambozola, KÄSEREI, 125 g"
"Kreeka salati juust, BALTAIS, 250 g"
"Pehme valge juust, ATHENA, 200 g"
"Praejuust Nopri, NOPRI, 200 g"
"Grill- ja praejuust, MO SAAREMAA, 200 g"
"Või, TERE, 200 g"
"Või 82%, MO SAAREMAA, 200 g"
"Või soolakristallidega 80%, MO SAAREMAA, 200 g"
"Või Eesti 82%, ALMA, 200 g"
"Koorevõi 82%, FARMI, 150 g"
"Taimne rasvavõie, soolane 70%, KEIJU, 400 g"
"Margariin küpsetamiseks 80%, VILMA, 500 g"
"Margariin Voimix soolane 60%, VOIMIX, 250 g"
"Voimix Soolane 60%, VOIMIX, 400 g"
"Rasvasegu võie Võideks light, TERE, 200 g"
"Mahe viinamari, LINTE VIINAMARJAISTANDUS, 500 g"
"Minikartuli mix, 1 kg"
"Murulauk potis, GRÜNE FEE, tk"
"Rukkileib Ruks, LEIBUR, 380 g"
"OatFit kaerasüda kaerapala, LEIBUR, 250 g"
"Rehe rukkileib, EESTI PAGAR, 390 g"
"Must põrandaleib, FAZER, 390 g"
"Must rukkileib, EESTI PAGAR, 390 g"
"Peedi-porgandi-pastinaagi-pihlaka pehmik, EESTI PAGAR, 240 g"
"Seemneleib, FAZER, 400 g"
"Rukkileib täisterajuuretisega, LEIBUR, 380 g"
"Mitmevilja pala, LEIBUR, 220g"
"Kodukandi koorikleib, EESTI PAGAR, 4x75 g"
"Toolse leib viilutatud, LEIBUR, 390 g"
"Saib 100% rukkijahust, LEIBUR, 370 g"
"Kuldne klassikaline röstsai, LEIBUR, 500 g"
"Röstsai mitmevilja, LEIBUR, 470 g"
"Burgerikukkel seesamiseemnetega, EESTI PAGAR, 320 g"
"Ciabatta Rustica eelküpsetatud mitmeviljasaiake, DR.SCHÄR, 200 g"
"Röstsai täistera, EESTI PAGAR, 430 g"
"Street food Gruusialeib, FAZER, 250 g"
"Täisterasepik, EESTI PAGAR, 500 g"
"Kirde sai, LEIBUR, 300 g"
"Kuldne klassikaline röstsai, LEIBUR, 250 g"
"Mitmevilja röst, LEIBUR, 250 g"
"Vutimunad, JÄRVEOTSA, 12 tk"
"Õrrekanade munad, SELVER, 10tk"
"Munad M10, SELVER, 10 tk"
"Suured munad L10, EGGO, 10 tk"
"Šokolaadimuffinipulber, VILMA, 400 g"
"Õhukese pitsapõhja pulber, VILMA, 400 g"
"Riivsai, TARTU MILL, 400 g"
"Õhukesed pannkoogid, TARTU MILL, 400 g"
"Pille pisikesed pannkoogid, TARTU MILL, 400 g"
"Sidrunikeeks, TARTU MILL, 450 g"
"Muffinid, TARTU MILL, 400 g"
"Pasta Cornetti, PRESTO, 400 g"
"Pasta Penne, PRESTO, 400 g"
"Durumnisujahupasta Fusilli, TARTU MILL, 500 g"
"Durumnisujahupasta Penne, TARTU MILL, 500 g"
"Durumnisujahupasta Cornetti, TARTU MILL, 500 g"
"Kuskuss, PASTA ZARA, 500 g"
"Tagliatelle munaga, GRANORO, 500 g"
"Tagliatelle, GRANORO, 500 g"
"Pasta Spaghetti, REGGIA, 500 g"
"Makaron Stortini Piccolo, REGGIA, 500 g"
"Pasta Spaghetti Tagliati, REGGIA, 500 g"
"Lasanje plaadid, BARILLA, 500 g"
"Penne Rigate torukesed, BARILLA, 500 g"
"Spagetid nr.7, PRESTO, 400 g"
"Durumnisujahust spagetid nr.7, TARTU MILL, 500 g"
"Pasta Fusilli, VESKI MATI, 400 g"
"Pasta Fusilli (spiraal), BARILLA, 500 g"
"Täistera fusilli, TARTU MILL, 500 g"
"Pasta durum Chiffari Lisci, TARTU MILL, 500 g"
"Täisterakaerahelbed, HELEN, 500 g"
"Tatar, VESKI MATI, 1 kg"
"Tatar, VESKI MATI, 500 g"
"Manna, VESKI MATI, 500 g"
"Hernes kollane poolik, BALTIX, 1 kg"
"Odrakruup, BALTIX, 1 kg"
"Hirss, BALTIX, 1 kg"
"Kaerahelbed, TARTU MILL, 500 g"
"Täistera jämedad kaerahelbed, TARTU MILL, 1kg"
"Täistera jämedad kaerahelbed, TARTU MILL, 500 g"
"Kaerakliid, TARTU MILL, 500 g"
"Pudruriis, VESKI MATI, 1 kg"
"Risotoriis, VESKI MATI, 500 g"
"Pikateraline riis, BALTIX, 400 g"
"Pikateraline riis, TARTU MILL, 1 kg"
"Pikateraline riis 4 x 125 g, BOSTO, 500 g"
"Tai Jasmiini riis 4 x 125 g, BOSTO, 500 g"
"Riis sõmer, VESKI MATI, 1 kg"
"Kolme riisi segu, VESKI MATI, 500 g"
"Jasmiiniriis, VESKI MATI, 500 g"
"Kakaoga teraviljahelbed, OHO, 150 g"
"Maisikepikesed, LOTTE, 130 g"
"Padjad kakaomaitsel.täidisega, START, 250 g"
"Hommikusöök Nesquik, NESTLÉ, 225 g"
"Hommikusöök Nesquik, NESTLÉ, 450 g"
"Hommikusöök Cini-Minis, NESTLÉ, 450 g"
"Hommikusöök Cookie Crisp, NESTLÉ, 425 g"
"Kakaopallid, FOXI, 500 g"
"Krõbedad helbed piimašokolaadiga, LOTTE, 225 g"
"Hommikusöök Cookie Crisp, NESTLÉ, 225 g"
"Hommikusöök Choco Pops, KELLOGG'S, 375 g"
"Kamapallid, BALSNACK, 150 g"
"Hommikuhelbed Corn Flakes, KELLOGG'S, 360 g"
"Hommikusöök ""Cookie rings"", OHO, 150 g"
"Röstitud müsli naturaalne, SANTE, 350 g"
"Röstitud müsli banaani-shokol., SANTE, 350 g"
"Krõbe müsli punaste marjadega, SANTE, 350 g"
"Krõbe müsli pähklitega, SANTE, 350 g"
"Krõbe müsli tumeda shokolaadiga, SANTE, 350 g"
"Krõbe müsli shokolaadi,-pähkli, EMCO, 375 g"
"Krõbe müsli mustika ja vaarika, EMCO, 375 g"
"Kiirkaerahelbed, HELEN, 500 g"
"Riisihelbed, HELEN, 500 g"
"Tatrahelbed, HELEN, 500 g"
"8-viljahelbed kliidega, VESKI MATI, 500 g"
"Kiirpuder Mustika, VESKI MATI, 45 g"
"Kiirpuder Jõhvika, VESKI MATI, 45 g"
"Kaerahelbed peened, VESKI MATI, 1 kg"
"Neljaviljahelbed, NORDIC, 600 g"
"Kiirkaerahelbed, NORDIC, 500 g"
"Riisihelbed, NORDIC, 800 g"
"Kaera- ja riisihelbe segu, VESKI MATI, 500 g"
"Täistera kiirkaerahelbed, TARTU MILL, 1 kg"
"Hirsihelbed, BALTIX, 500 g"
"Täistera neljaviljahelbed, TARTU MILL, 500 g"
"Mahe täistera jämedad kaerahelbed, TARTU MILL, 500 g"
"Mahe täistera kiirkaerahelbed, TARTU MILL, 500 g"
"Kiirkaerahelbepuder mustika, AXA, 40 g"
"Kaera-riisihelbed, MYLLYN PARAS, 500 g"
"Kiirkaerapuder Maasika, VESKI MATI, 45 g"
"Müslibatoon šokol. ja maapähkli, CORNY BIG, 50 g"
"Müslibatoon šokolaadi-banaani, CORNY BIG, 50 g"
"Müslibatoon kookose-šokolaadi, CORNY BIG, 50 g"
"Hommikusöögibatoon Nesquik, NESTLÉ, 25 g"
"Hommikusöögibatoon Cini Minis, NESTLÉ, 25 g"
"Müslibatoon piima-kakaotäidisega, CORNY BIG, 40 g"
"Šokolaadi müslibatoon, NESTLÉ, 35 g"
"Šokolaadi ja banaaniga müslibatoon, NESTLÉ, 35 g"
"Hommikusöögibatoon Fitness Jõhvika-Maasika, NESTLÉ, 23,5 g"
"Müslibatoon jogurti ja maasikaga, AXA, 25 g"
"Müslibatoon jogurti ja troopiliste viljadega, AXA, 25 g"
"Ekstra Neitsioliiviõli, BORGES, 500 ml"
"Oliiviõli rafin.ja neitsioliivõli light, BORGES, 500 ml"
"Neitsikookosõli (mahe), LOODUSVÄGI, 500 ml"
"Toiduõli, OILIO, 1 l"
"Dijoni teravamaitseline sinep, VILUX, 200 g"
"Sinep Põltsamaa Kange, PÕLTSAMAA, 65 g"
"Majonees Klassikaline, FELIX, 830 g"
"Majonees Kerge, FELIX, 880 g"
"Majonees Provansaal 50%, TARPLAN, 450 g"
"Caesari kaste, GOURMET CLUB, 150 g"
"Mädarõigas kodune, FELIX, 200 g"
"Mahedamaitseline sinep, PÕLTSAMAA, 170 g"
"Sinep New York Deli, HEINZ, 240 g"
"Vegan majonees klaaspurgis, HELLMANN'S, 270 g"
"Vegan majonees, SALVEST, 420 g"
"Tšillimajonees, FELIX, 220 g"
"Tomatiketšup, FELIX, 1250 g"
"Tomatiketšup, FELIX, 1 kg"
"Tomatiketsup, FELIX, 500 g"
"Terav ketsup, FELIX, 500 g"
"Ketsup original, HEINZ, 460 g"
"Tomatikaste pitsale, PANZANI, 390 g"
"Kaste Sweet & Sour, UNCLE BEN'S, 400 g"
"Sweet-Sour ananassiga, UNCLE BEN'S, 400 g"
"Küüslaugu kaste, FELIX, 365 g"
"Thousand Island kaste, FELIX, 375 g"
"Mee ja sinepi salatikaste, FELIX, 375 g"
"Salatikaste Caesar, FELIX, 375 g"
"Pastakaste Arrabiata, BARILLA, 400 g"
"Pastakaste Napoletana, BARILLA, 400 g"
"Pastakaste Basilico, BARILLA, 400 g"
"Hõrkude köögiviljadega pastakaste, SALVEST, 420 g"
"Primavera pastakaste kanaga, SALVEST, 420 g"
"Bolognese kaste, FELIX, 490 g"
"Dipikaste aiaürtidega 19,4%, FARMI, 200 g"
"Dipikaste Vene DIP! küüslaugu, murulaugu, sibula, ALMA, 200 g"
"Dipikaste Eesti Dip! soolakurgi-küüslaugu, ALMA, 200 g"
"Juustudipp Cheddari, MEREVAIK, 200 g"
"Palsamikreem, GOURMANTE, 250 ml"
"Valge veini äädikas, GOURMANTE, 250 ml"