Name,Global ID
"2% Milk", SBMOD0001sbuxmods_inventory0009
"8-Grain Roll", SB0437
"Add Ice", SBMOD0044
"Almond Croissant", SB0001
"Almond Milk", SBMOD0006
"Almondmilk", sbuxmods_inventory0012
"Almondmilk Honey Flat White", SB0422
"Almondmilk Honey Flat White with Starbucks® Blonde Espresso", SB0418
"Americanos", sbuxtemplate0001
"Americanos/Brewed Coffee", sbuxtemplate0036
"Apple Blend", SBMOD0073
"Apple Juice", sbuxmods_inventory0080
"Autumn Sugar Topping", SBMOD0063
"Avocado Spread", sbuxmods_inventory0086
"Avocado spread", SBMOD0080
"Babybel® Mini Cheese Snack", SB0004
"Bacon & Gruyère Sous Vide Egg Bites", SB0221
"Bacon, SB0005SB0564
"Bagels", sbuxtemplate0033
"Bakery Item", sbuxtemplate0034
"Banana", SB0444
"Banana Nut Bread", SB0007
"Barrel Aged Flavored Chocolate Caramels", SB0008
"Berry Trio Parfait", SB0010
"Birthday Cake Pop", SB0011
"Black Tea", sbuxmods_inventory0081
"Black Tea (splash)", SBMOD0064
"Black Teas", sbuxtemplate0010
"Black Teas/Green Teas/Herbal Teas", sbuxtemplate0039
"Blackberries", SBMOD0068sbuxmods_inventory0029
"Blended Strawberry Lemonade", SB0323
"Blonde", SBMOD0036sbuxmods_inventory0039
"Blonde Roast", SB0013
"Blonde Skinny Caffè Latte", SB0251
"Blonde Skinny Caramel Macchiato", SB0271
"Blonde Skinny Cinnamon Dolce Latte", SB0247
"Blueberry & Oatmeal Jammy Sammy", SB0479
"Blueberry Bagel", SB0455
"Blueberry Muffin", SB0014
"Blueberry Oat Cake", SB0487
"Blueberry Scone", SB0015
"Brazil Isidro Pereira Estate Chemex Starbucks Reserve®", SB0494
 Isidro Pereira Estate has produced stunning coffee for three generations. This washed offering, Nestled in the fertileNestled in the fertileNestled in the fertileNestled in the fertileNestled in the fertileNestled in the fertileNestled in the fertile
"Brazil Isidro Pereira Estate Clover X Starbucks Reserve®", SB0497
"Brazil Isidro Pereira Estate Coffee Press Starbucks Reserve®", SB0495
"Brazil Isidro Pereira Estate Iced Pour-Over Starbucks Reserve®", SB0493
"Brazil Isidro Pereira Estate Pour-Over Starbucks Reserve®", SB0498
"Brazil Isidro Pereira Estate Siphon Starbucks Reserve®", SB0496
"Brazil Sertaozinho Clover®", SB0375
"Brewed Coffee", sbuxtemplate0002
"Brown Sugar Syrup", sbuxmods_inventory0088
"Butter", SBMOD0078sbuxmods_inventory0084
"Butter Croissant", SB0017
"Butter Gourmet Popcorn", SB0018
"Caffè Americano", SB0002
"Caffè Latte", SB0020
"Caffè Misto", SB0019
"Caffè Mocha", SB0021
"Caffè Vanilla Frappuccino® Blended Beverage", SB0321
"Caffé Verona® Clover®", SB0334
"Cappuccino", SB0024sbuxtemplate0003
"Caramel Apple Spice", SB0025
"Caramel Brulee Topping", SBMOD0054
"Caramel Brulée Crème", SB0505
"Caramel Brulée Crème Frappuccino® Blended Beverage", SB0506
"Caramel Brulée Frappuccino® Blended Beverage", SB0026
"Caramel Brulée Latte", SB0027
"Menu limited. Restricted delivery area. Fees subject to change. Please visit the Starbucks website for nutritional information. Pike Place® is a registered trademark of The Pike Place® market PDA, 
"Caramel Cloud Macchiato* (Contains eggs)", SB0411
"Caramel Crunch Topping", sbuxmods_inventory0047
"Caramel Drizzle", SBMOD0024sbuxmods_inventory0040
"Caramel Frappuccino® Blended Beverage", SB0028
"Caramel Macchiato", SB0029
"Caramel Ribbon Crunch Crème Frappuccino® Blended Beverage", SB0362
"Caramel Ribbon Crunch Frappuccino® Blended Beverage", SB0030SB0031
"Caramel Sauce", SBMOD0021sbuxmods_inventory0056
"Caramel Syrup", SBMOD0011sbuxmods_inventory0059
"Caramelized Apple Pound Cake", SB0461
"Carved Ham & Swiss Breakfast Sandwich", SB0032
"Cascara Cold Foam", sbuxmods_inventory0051
"Cascara Topping", SBMOD0055sbuxmods_inventory0043
"Chai Crème Frappuccino® Blended Beverage", SB0033
"Chai Eggnog Latte", SB0034
"Chai Powder", sbuxmods_inventory0073
"Chai Syrup", sbuxmods_inventory0070
"Chai Tea", SB0409
"Chai Tea Latte", SB0035
"Chai Teas", sbuxtemplate0009
"Cheese & Fruit Protein Box", SB0036SB0022
"Cheese Danish", SB0037
"Cheese, SB0438
"Chestnut Praline Crème", SB0508
"Chestnut Praline Crème Frappuccino® Blended Beverage", SB0509
"Chestnut Praline Frappuccino® Blended Beverage", SB0039
"Chestnut Praline Latte", SB0040SB0038
"Chicken & Double-Smoked Bacon", SB0041
"", Chickens are raised without the use of antibiotics.Chickens are raised without the use of antibiotics.Chickens are raised without the use of antibiotics.Our chickens are raised without use of antibiotics.Now with 30 g of protein.- Do not microwave- Do not microwavePro Tip: For additional boostAdd herbed chickenCafé nitro infusé à froid avec crème au caramel saléPro Tip: For additional boost
"Chicken & Quinoa Protein Bowl with Black Beans and Greens", SB0042
"Chicken Artichoke Flatbread", SB0043
"Chicken BLT Protein Box", SB0476
"Chicken Caprese", SB0044
"Chicken Sausage & Bacon Biscuit", SB0045
"Chicken Wrap Protein Box", SB0046
"Chicken Wrap Protein Box (1 of 2)", SB0474
"Chicken Wrap Protein Box (2 of 2)", SB0477
"Chickpea Bites & Avocado Protein Box", SB0551
"Chipotle Chicken Wrap", SB0491SB0545
"Chipotle Chicken Wrap Protein Box", SB0047
"Chocolate Cake Pop", SB0048
"Chocolate Chip Cookie", SB0049SB0484
"Chocolate Chip Cookie Dough Cake Pop", SB0050
"Chocolate Chip Kids Clif ZBar®", SB0480
"Chocolate Cookie Crumble Crème Frappuccino® Blended Beverage", SB0169
"Chocolate Covered Espresso Beans", SB0051
"Chocolate Croissant", SB0052
"Chocolate Curls", SBMOD0056
"Chocolate Hazelnut Croissant", SB0464
"Chocolate Pot de Crème", SB0468
"Chocolate Powder", sbuxmods_inventory0021
"Chocolate Sequins", SBMOD0057
"Cinnamon Almondmilk Foam", SBMOD0084
"Cinnamon Almondmilk Macchiato", SB0054
"Cinnamon Coffee Cake Almondmilk Latte", SB0053
"Cinnamon Dolce Crème", SB0055
"Cinnamon Dolce Latte", SB0056
"Cinnamon Dolce Sprinkles", SBMOD0058sbuxmods_inventory0044
"Cinnamon Dolce Syrup", SBMOD0012sbuxmods_inventory0060
"Cinnamon Oatmilk Foam", SBMOD0086
"Cinnamon Powder", SBMOD0045sbuxmods_inventory0020
"Cinnamon Raisin Bagel", SB0290
"Cinnamon Soymilk Foam", sbuxmods_inventory0053
"Cinnamon Spice Oatmilk Crème Frappuccino® Blended Beverage", SB0527
"Cinnamon Spice Oatmilk Frappuccino® Blended Beverage", SB0528
"Cinnamon Spice Oatmilk Latte", SB0524
"Classic Coffee Cake", SB0058
"Classic Oatmeal", SB0059
"Classic Sweetener Syrup", SBMOD0027
"Classic Syrup", SBMOD0013sbuxmods_inventory0061
"Clover Brewed® Breakfast Blend", SB0333
"Clover Brewed® Decaf Pike Place® Roast", SB0360
"Clover Brewed® Gold Coast Blend®", SB0340
"Clover Brewed® Guatemala Antigua", SB0338
"Clover Brewed® Pike Place® Roast", SB0339
"Clover Brewed® Starbucks Willow Blend", SB0358
"Cocoa Cloud Macchiato* (Contains eggs)", SB0415
"Coconut Lime Rice Pudding", SB0469
"Coconut Milk", SBMOD0007
"Coconutmilk", sbuxmods_inventory0013
"Coconutmilk Cascara Latte", SB0420
"Coconutmilk Cascara Latte with Starbucks® Blonde Espresso", SB0421
"Coconutmilk Mocha Macchiato", SB0060
"Coffee Frappuccino®", sbuxtemplate0016
"Coffee Frappuccino® Blended Beverage", SB0061
"Coffee Frappuccino®/Crème Frappuccino®", sbuxtemplate0043
"Coffee Traveler – Dark Roast", SB0064
"Coffee Traveler – Decaf Pike Place® Roast", SB0063
"Coffee Traveler – Pike Place® Roast", SB0065
"Coffee Traveler – Starbucks® Blonde Roast", SB0062
"Cold Brew with Cinnamon Almondmilk Foam", SB0298
"Cold Brew with Cinnamon Oatmilk Foam", SB0300
"Cold Brew with Cold Foam", SB0192
"Available", 011121249 EW&011118783
"Cold Brew with Salted Honey Cold Foam", SB0203
"Cold Brews", sbuxtemplate0018
"Cold Brews/Iced Americano/Iced Coffees/Iced Espresso Shots", sbuxtemplate0042
"Cold Foam", SBMOD0048sbuxmods_inventory0049
"Comfort Brewed Wellness Tea", SB0386
"Confetti Hearts Cake Pop - 6 pack", SB0466
"Confetti Sugar Cookie", SB0067
"Cookie Crumble Topping", sbuxmods_inventory0046
"Cordusio", SB0068
"Country Archer Original Beef Jerky", SB0070
"Country Archer – Hickory Smoked Turkey Jerkey", SB0069
"Cranberry Bliss Bar", SB0071
"Cranberry Bliss Bars 14.6oz", SB0561
"Cranberry Orange Scone", SB0306
"Cream Cheese", SBMOD0079
"Creminelli Salami & Cheese Snack Tray", SB0463
"Creminelli Snack Tray – Prosciutto", SB0023
"Creminelli Snack Tray – Sopressata Salami & Monterey Jack", SB0072
"Crispy Grilled Cheese Sandwich", SB0073
"Crème Frappuccino®", sbuxtemplate0017
"DC Sweet Potato Cake Slice", SB0453
"DC Sweet Potato Loaf Slice", SB0454
"Dark Chocolate Fudge Brownie", SB0209
"Dark Chocolate Grahams (2-Pack)", SB0076
"Dark Cocoa Almondmilk Foam", SBMOD0085
"Dark Cocoa Oatmilk Foam", sbuxmods_inventory0055
"Dark Cocoa Soymilk Foam", sbuxmods_inventory0054
"Decaf", SBMOD0037sbuxmods_inventory0038
"Decaf Blonde Espresso", SBMOD0043
"Decaf Espresso Roast Clover®", SB0344
"Decaf Pike Place® Roast", SB0078
"Decaf Roast", SBMOD0087
"Decaf Sumatra Clover®", SB0330
"Devil's Food Doughnut", SB0447
"Dipped Madeleines", SB0079
"Double", sbuxmods_inventory0035
"Double Chocolate Chunk Brownie", SB0080
"Double Chocolaty Chip Crème Frappuccino® Blended Beverage", SB0081
"Double-Smoked Bacon, SB0082
"Dragon Drink", SB0083
"Dragonfruit Inclusion", SBMOD0069sbuxmods_inventory0030
"Dulce de Leche Tart", SB0450
"Earl Grey Tea", SB0363
"Earth Cake Pop (1/5 - 5/9)", SB0562
"Earth Day Reusables Plastic Cold Cup", SB0559
"Earth Day Reusables Plastic Hot Cup", SB0488
"Egg & Feta Side", SB0550
"Egg White & Roasted Red Pepper Sous Vide Egg Bites", SB0223
"Eggnog Crème", SB0511
"Eggnog Crème Frappuccino® Blended Beverage", SB0512
"Eggnog Frappuccino® Blended Beverage", SB0084
"Eggnog Latte", SB0085
"Eggs & Cheese Protein Box", SB0470
"Emperor’s Clouds & Mist®", SB0369
"Equal", SBMOD0032
"Espresso (Double)", SB0308
"Espresso (Quad)", SB0314
"Espresso (Single)", SB0307
"Espresso (Triple)", SB0313
"Espresso Frappuccino® Blended Beverage", SB0322
"Espresso Macchiato (Double)", SB0310
"Espresso Macchiato (Quad)", SB0316
"Espresso Macchiato (Single)", SB0309
"Espresso Macchiato (Triple)", SB0315
"Espresso Roast Clover®", SB0341
"Espresso Shots", sbuxtemplate0004
"Espresso con Panna (Double)", SB0312
"Espresso con Panna (Quad)", SB0318
"Espresso con Panna (Single)", SB0311
"Espresso con Panna (Triple)", SB0317
"Ethiopia Clover®", SB0372
"Ethos® Bottled Water", SB0086
"Everybody's Favorite – Bantam Bagel (2-pack)", SB0452
"Everything Bagel", SB0088SB0087
"Everything Bagel & Veggie Breakfast Bake", SB0547
"Evolution Fresh Organic Super Fruit Greens Smoothie 11 fl oz", SB0093
"Evolution Fresh Vital Berry 11 fl oz", SB0557
"Evolution Fresh® Orange", SB0090
"Evolution Fresh® Organic Defense Up®", SB0089
"Evolution Fresh® Organic Green Devotion", SB0091
"Evolution Fresh® Organic Strawberry Lemonade", SB0092
"Evolution Fresh® Watermelon", SB0094
"Evolution Fresh™ Sweet Berry", SB0540
"Extra", sbuxmods_inventory0006
"Extra Tea", sbuxmods_inventory0076
"Featured Roast", SBMOD0041
"Featured Starbucks® Dark Roast Coffee", SB0095
"Flat White", SB0096
"Flat Whites", sbuxtemplate0005
"Flat Whites/Lattes/Macchiatos/Mochas/Chai Teas", sbuxtemplate0037
"Frappucino Chips", SBMOD0046sbuxmods_inventory0045
"French Roast Clover®", SB0343
"Galvanina Sparkling Water", SB0097
"Galvanina Sparkling Water - Lime", SB0098
"Ginger Molasses Cookie", SB0441
"Gingerbread Biscotti", SB0099
"Gingerbread Loaf", SB0100
"Golden Ginger Blend Powder", SBMOD0076
"Good Squared - Urban Trail", SB0458
"Goodie Girl Mint Slims", SB0101
"Graham Cracker Crumbles", SBMOD0059
"Grande", sbuxmods_inventory0003
"Green Tea", sbuxmods_inventory0082
"Green Tea (splash)", SBMOD0065
"Green Teas", sbuxtemplate0011
"Grilled Chicken and Hummus Protein Box", SB0489
"Guatemala Acatanango Volcano Valley Clover®", SB0390
"Guava Blend", SBMOD0074
"Guava Cream Cheese Croissant", SB0449
"Guava Juice Blend", sbuxmods_inventory0079
"Half & Half", SBMOD0004sbuxmods_inventory0014
"Half Caf", SBMOD0038
"Ham & Cheese Croissant", SB0465
"Ham & Swiss Panini", SB0443
"Ham, SB0224
"Hawai‘i Volcanic Water", SB0543
"Hazelnut Syrup", SBMOD0014sbuxmods_inventory0062
"Heart Sugar Cookies (bundle of 2)", SB0478
"Hearty Blueberry Oatmeal", SB0102
"Heavy Cream", SBMOD0005sbuxmods_inventory0015
"Herbal Teas", sbuxtemplate0012
"Herbed Chicken Side", SB0548
"Hippeas® – White Cheddar", SB0103
"Holiday Sugar Sprinkles", SBMOD0061
"Holiday Turkey Panini", SB0104
"Honey Almondmilk Cold Brew", SB0536
"Honey Blend Syrup", sbuxmods_inventory0072
"Honey Citrus Mint Tea", SB0405
"Honey Oatmilk Latte", SB0553
"Honey Packet", sbuxmods_inventory0023
"Horizon® Chocolate Organic Milk", SB0105
"Horizon® Organic Lowfat Milk Box", SB0107
"Horizon® Organic Vanilla Milk Box", SB0108
"Hot Chocolate", SB0012SB0109
"Hot Chocolates", sbuxtemplate0013
"Hot Chocolates/Steamers", sbuxtemplate0041
"Iced Almondmilk Honey Flat White", SB0427
"Iced Almondmilk Honey Flat White with Starbucks® Blonde Espresso", SB0424
"Iced Americano", sbuxtemplate0019
"Iced Black Tea", SB0111
"Iced Black Tea Lemonade", SB0112
"Iced Black Teas", sbuxtemplate0027
"Iced Blonde Skinny Caffè Latte", SB0268
"Iced Blonde Skinny Caramel Macchiato", SB0287
"Iced Blonde Skinny Cinnamon Dolce Latte", SB0250
"Iced Blueberry Black Tea", SB0113
"Iced Blueberry Black Tea Lemonade", SB0114
"Iced Brazil Isidro Pereira Estate Clover® Starbucks Reserve®", SB0492
"Iced Brazil Sertaozinho Clover®", SB0376
"Iced Brown Sugar Oatmilk Shaken Espresso", SB0531
"Iced Caffè Americano", SB0110
"Iced Caffè Latte", SB0115
"Iced Caffè Mocha", SB0116
"Iced Caffé Verona® Clover®", SB0346
"Iced Cappuccino with Cold Foam", SB0193
"Iced Caramel Brulée Latte", SB0507
"Iced Caramel Cloud Macchiato* (Contains eggs)", SB0410
"Iced Caramel Macchiato", SB0117
"Iced Chai Tea Latte", SB0118
"Iced Chai Teas", sbuxtemplate0028
"Iced Chestnut Praline Latte", SB0510
"Iced Chocolate Almondmilk Shaken Espresso", SB0532
"Iced Cinnamon Almondmilk Macchiato", SB0202SB0119
"Iced Cinnamon Dolce Latte", SB0120
"Iced Cinnamon Spice Oatmilk Latte", SB0523
"Iced Clover Brewed Coffees", sbuxtemplate0026
"Iced Clover Brewed®  Breakfast Blend", SB0345
"Iced Clover Brewed® Decaf Espresso Roast", SB0355
"Iced Clover Brewed® Decaf Pike Place® Roast", SB0361
"Iced Clover Brewed® Gold Coast Blend®", SB0351
"Iced Clover Brewed® Italian Roast", SB0353
"Iced Clover Brewed® Kenya", SB0332
"Iced Clover Brewed® Starbucks Willow Blend", SB0359
"Iced Cocoa Cloud Macchiato* (Contains eggs)", SB0414
"Iced Coconutmilk Cascara Latte", SB0428
"Iced Coconutmilk Cascara Latte with Starbucks® Blonde Espresso", SB0425
"Iced Coconutmilk Drinks", sbuxtemplate0031
"Iced Coconutmilk Mocha Macchiato", SB0121
"Iced Coffee", SB0123
"Iced Coffee with Milk", SB0124
"Iced Coffees", sbuxtemplate0020
"Iced Cordusio", SB0122
"Iced Decaf Sumatra Clover®", SB0331
"Iced Eggnog Latte", SB0513
"Iced Espresso (Double)", SB0324
"Iced Espresso (Quad)", SB0326
"Iced Espresso (Single)", SB0327
"Iced Espresso (Triple)", SB0325
"Iced Espresso Roast Clover®", SB0352
"Iced Espresso Shots", sbuxtemplate0021
"Iced Ethiopia Clover®", SB0373
"Iced Flat White", SB0125
"Iced Flat Whites", sbuxtemplate0022
"Iced Flat Whites/Iced Lattes/Iced Macchiatos/Iced Mochas", sbuxtemplate0044
"Iced French Roast Clover®", SB0354
"Iced Green Tea", SB0126
"Iced Green Tea Lemonade", SB0127
"Iced Green Teas", sbuxtemplate0029
"Iced Guatemala Acatanango Volcano Valley Clover®", SB0391
"Iced Guatemala Antigua Clover®", SB0349
"Iced Guava Black Tea", SB0304
"Iced Guava Black Tea Lemonade", SB0305
"Iced Guava Passionfruit Drink", SB0534
"Iced Guava White Tea", SB0128
"Iced Guava White Tea Lemonade", SB0129
"Iced Herbal Teas", sbuxtemplate0030
"Iced Herbal Teas, sbuxtemplate0038
"Iced Honey Oatmilk Latte", SB0552
"Iced Komodo Dragon Clover®", SB0347
"Iced Latte Macchiato", SB0130
"Iced Lattes", sbuxtemplate0023
"Iced Lattes/Iced Macchiatos/Iced Mochas/Iced Clover Brewed Coffees", sbuxtemplate0040
"Iced Lemon Loaf Cake", SB0131
"Iced London Fog Tea Latte", SB0366
"Iced Macchiatos", sbuxtemplate0024
"Iced Matcha Lemonade", SB0133
"Iced Matcha Tea Latte", SB0132
"Iced Mochas", sbuxtemplate0025
"Iced Nicaragua Monimbo Clover®", SB0389
"Iced Oat Honey Latte", SB0435
"Iced Oat Honey Latte with Starbucks Blonde® Espresso", SB0434
"Iced Oatmilk Honey Latte", SB0429
"Iced Oatmilk Honey Latte with Starbucks® Blonde Espresso", SB0426
"Iced Organic Yukon Blend® Clover®", SB0348
"Iced Papua New Guinea Roots No. 1 Clover®", SB0404
"Iced Papua New Guinea Ulya Clover®", SB0377
"Iced Passion Tango® Tea", SB0555
"Iced Passion Tango® Tea Lemonade", SB0134
"Iced Passion Tango™ Tea", SB0135
"Iced Peach Green Tea", SB0138
"Iced Peach Green Tea Lemonade", SB0139
"Iced Peppermint Mocha", SB0514
"Iced Peppermint White Chocolate Mocha", SB0516
"Iced Peru San Ignacio Clover®", SB0401
"Iced Pike Place® Roast Clover®", SB0350
"Iced Pineapple Matcha Coconutmilk Latte", SB0535
"Iced Pistachio Latte", SB0222
"Iced Pumpkin Spiced Latte", SB0140
"Iced Reserve Bar Caffè Americano", SB0529
"Iced Royal English Breakfast Tea Latte", SB0367
"Iced Salted Caramel Mocha", SB0141
"Iced Shaken Espresso", SB0533
"Iced Skinny Cinnamon Dolce Latte", SB0142
"Iced Skinny Mocha", SB0143
"Iced Starbucks® Blonde Caffè Americano", SB0144
"Iced Starbucks® Blonde Caffè Latte", SB0145
"Iced Starbucks® Blonde Caramel Cloud Macchiato* (Contains eggs)", SB0412
"Iced Starbucks® Blonde Cocoa Cloud Macchiato* (Contains eggs)", SB0416
"Iced Starbucks® Blonde Vanilla Latte", SB0146
"Iced Sugar Cookie Almondmilk Latte", SB0521
"Iced Sumatra Clover®", SB0329
"Iced Sumatra Lake Toba Clover®", SB0393
"Iced Sundried Brazil Sertao Clover®", SB0399
"Iced Toasted White Chocolate Mocha", SB0519
"Iced Vanilla Bean Coconutmilk Latte", SB0147SB0197
"Iced Vanilla Latte", SB0320
"Iced Veranda Blend® Clover®", SB0357
"Iced White Chocolate Mocha", SB0149
"Iced White Tea", SB0150
"Iced White Tea Lemonade", SB0151
"Impossible™ Breakfast Sandwich", SB0436
"Irish Cream Cold Brew", SB0291
"Irish Cream Nitro Cold Brew", SB0289
"Italian Roast Clover®", SB0342
"Jade Citrus Mint® Brewed Tea", SB0394
"Java Chip Frappuccino® Blended Beverage", SB0152
"Juice", sbuxtemplate0014
"Justin’s® Dark Chocolate Peanut Butter Cups", SB0153
"KIND - Almond Coconut Cashew Chai", SB0154
"KIND® Blueberry Vanilla & Cashew Bar", SB0155
"KIND® Peanut Butter Dark Chocolate Bar", SB0294
"KIND® Salted Caramel & Dark Chocolate Nut Bar", SB0156
"Kale & Farro Salad", SB0549
"Kenya Clover®", SB0337
"Kettle Corn", SB0473
"Kiwi Inclusion", sbuxmods_inventory0031
"Kiwi Starfruit Lemonade Starbucks Refreshers® Iced Beverage", SB0297
"Kiwi Starfruit Starbucks Refreshers® Iced Beverage", SB0295
"Kiwifruit Inclusion", SBMOD0089
"Komodo Dragon Clover®", SB0335
"Latte Macchiato", SB0198SB0157
"Lattes", sbuxtemplate0006
"Lemon Cake Pop", SB0158
"Lemon Crunch Yogurt Parfait", SB0159
"Lemonade", SB0160sbuxmods_inventory0077
"Lemonade (splash)", SBMOD0039
"Lime-Frosted Coconut Bar", SB0216
"Liquid Cane Sugar", SBMOD0031sbuxmods_inventory0028
"Lite", sbuxmods_inventory0007
"London Fog Tea Latte", SB0365
"Macchiatos", sbuxtemplate0007
"Madeleines", SB0161
"Mallorca Sweet Bread", SB0439
"Mango Dragonfruit Lemonade Starbucks Refreshers® Beverage", SB0162
"Mango Dragonfruit Starbucks Refreshers® Beverage", SB0163
"Marshmallow Dream Bar", SB0164
"Marshmallow Whip Cream", SBMOD0060
"Master Modifier Template", sbuxtemplate0035
"Matcha Crème Frappuccino® Blended Beverage", SB0165
"Matcha Powder", SBMOD0072sbuxmods_inventory0074
"Matcha Tea Latte", SB0166
"Medium Roast", SBMOD0040
"Milk", SB0167asdasdsadas
"Mint Majesty®", SB0371
"Mocha Cookie Crumble Frappuccino® Blended Beverage", SB0170
"Mocha Drizzle", SBMOD0025sbuxmods_inventory0041
"Mocha Frappuccino® Blended Beverage", SB0172
"Mocha Sauce", SBMOD0022sbuxmods_inventory0057
"Mochas", sbuxtemplate0008
"Moon Cheese™ –  Cheddar", SB0173
"Morning Bun", SB0057
"Nicaragua Monimbo Clover®", SB0388
"Nitro Cold Brew", SB0382
"Nitro Cold Brew with Cinnamon Almondmilk Foam", SB0301
"Nitro Cold Brew with Cinnamon Oatmilk Foam", SB0303
"Nitro Cold Brew with Dark Cocoa Almondmilk Foam", SB0302
"Nitro Cold Brew with Sweet Cream", SB0402
"Nitro Flat White", SB0395
"Nitro Latte", SB0408
"No Ice", SBMOD0083
"Nonfat Milk", sbuxmods_inventory0011
"Nutmeg Powder", SBMOD0047sbuxmods_inventory0022
"Oat Honey Latte with Starbucks Blonde® Espresso", SB0432
"Oat Milk", SBMOD0008
"Oatmilk", sbuxmods_inventory0017
"Oatmilk Honey Latte", SB0423SB0433
"Oatmilk Honey Latte with Starbucks® Blonde Espresso", SB0419
"Old-Fashioned Glazed Doughnut", SB0174
"Orange", SB0471
"Organic Apple Juice", SB0003
"Organic Yukon Blend® Clover®", SB0336
"PB&J Protein Box", SB0175
"POP! - Sunflower Oil & Sea Salt", SB0456
"Papua New Guinea Roots No. 1 Clover®", SB0403
"Papua New Guinea Ulya Clover®", SB0378
"Passion Tango Tea", sbuxmods_inventory0083
"Passion Tango Tea (splash)", SBMOD0066
"Peach Blend", SBMOD0075
"Peach Juice Blend", sbuxmods_inventory0078
"Peach Tea Infusion", SB0176
"Peach Tea Infusion Lemonade", SB0177
"Peach Tranquility®", SB0370
"Peppermint Brownie Cake Pop", SB0179
"Peppermint Gum", SB0180
"Peppermint Hot Chocolate", SB0181
"Peppermint Mints", SB0182
"Peppermint Mocha", SB0183
"Peppermint Mocha Crème Frappuccino® Blended Beverage", SB0515
"Peppermint Mocha Frappuccino® Blended Beverage", SB0184
"Peppermint Syrup", SBMOD0015sbuxmods_inventory0063
"Peppermint White Chocolate Crème Frappuccino Blended Beverage", SB0517
"Peppermint White Chocolate Mocha", SB0185
"Peppermint White Chocolate Mocha Frappuccino® Blended Beverage", SB0187
"Peppermint White Hot Chocolate", SB0186
"Perfect Bar® Peanut Butter", SB0075
"Perfect Bar® – Dark Chocolate Chip Peanut Butter", SB0074
"Peru San Ignacio Clover®", SB0400
"Peter Rabbit™ Organics Apple & Grape", SB0188
"Peter Rabbit™ Organics Strawberry Banana", SB0189
"Petite Vanilla Bean Scone", SB0190
"Pike Place® Roast", SB0016SB0191
"Pinapple Ginger Syrup", sbuxmods_inventory0064
"Pineapple Coconut Green Smoothie", SB0544
"Pineapple Ginger Syrup", SBMOD0016sbuxmods_inventory0071
"Pink Drink", SB0194
"Pistachio Coffee Frappuccino® Blended Beverage", SB0242
"Pistachio Crème", SB0244
"Pistachio Crème Frappuccino® Blended Beverage", SB0225
"Pistachio Latte", SB0218
"Plain Bagel", SB0195
"Plain Cream Cheese", sbuxmods_inventory0085
"Plant-Based Breakfast Sandwich", SB0208
"Potato, SB0546
"Praline Topping", SBMOD0052
"Prosnax Carrots, SB0285SB0286
"Prosnax Gala Apples, SB0486SB0485
"Prosnax Green Apples, SB0284
"Pumpkin Bread", SB0196
"Pumpkin Spice Topping", SBMOD0062
"Raspberry Syrup", SBMOD0017sbuxmods_inventory0065
"Raspberry Walnut & Oat Nut Square", SB0217
"Red Velvet Loaf Cake (1/5 - 5/9)", SB0556
"Reduced-Fat Turkey Bacon & Cage-Free Egg White Sandwich", SB0199
"Regular", sbuxmods_inventory0037sbuxmods_inventory0087
"Reserve Bar Caffè Americano", SB0530
"Rev Up Brewed Wellness Tea", SB0387
"Rhythm Super Foods Kale Chips - Sea Salt", SB0462
"Rip van Wafels – Honey & Oats", SB0200
"Roasted Ham, SB0201
"Royal English Breakfast Tea", SB0368
"Royal English Breakfast Tea Latte", SB0364
"Saccarin", SBMOD0033
"Saccharin (pink)", sbuxmods_inventory0025
"Salt & Vinegar Kettle Potato Chips", SB0205
"Salt Topping", SBMOD0053
"Salted Almond Chocolate Bites", SB0206
"Salted Caramel Cream Cold Brew", SB0406
"Salted Caramel Cream Nitro Cold Brew", SB0407
"Salted Honey Cold Foam", SBMOD0051sbuxmods_inventory0052
"Salted Sweet Cream Cold Foam", SBMOD0050
"San Pellegrino® Limonata", SB0541
"Sausage, SB0211
"Seared Steak & Cheddar Sandwich", SB0467
"Seasonal Fruit Blend", SB0440
"Seasonal Roasted Sweet Potato & Apple Harvest", SB0481
"Short", sbuxmods_inventory0001
"Shortbread Cookies", SB0212
"Siggi's® Yogurt Cup 0% Vanilla", SB0213
"Signature", SBMOD0035
"Simply Salted Kettle Potato Chips", SB0214
"Single", sbuxmods_inventory0034
"Single Shot", SBMOD0034
"Skim Milk", SBMOD0003
"Skinny Caramel Macchiato", SB0207
"Skinny Cinnamon Dolce Latte", SB0292
"Small Shopping Bag", SB0457
"Snowman Cake Pop (11/6 -1/4)", SB0219
"Snowman Cookie (11/6 -1/4)", SB0220
"Sous Vide Egg Bites - Kale & Portabella Mushroom (begins 1/5)", SB0563
"Southwest Veggie Wrap", SB0006
"Soy Milk", SBMOD0009
"Soymilk", sbuxmods_inventory0016
"Spinach, SB0226
"Spindrift® Grapefruit Sparkling Water", SB0227
"Spindrift® Raspberry Lime Sparkling Water", SB0228
"Splenda", sbuxmods_inventory0026
"Splenda®", SBMOD0028
"Sprouted Grain Vegan Bagel", SB0230
"Squirrel Brand® Fruit & Nut", SB0232
"Squirrel Brand® – Classic Almonds", SB0231
"Star Drink", SB0296
"Starbucks Doubleshot® Espresso & Cream", SB0537
"Starbucks Doubleshot® on Ice", SB0233
"Starbucks Refreshers®", sbuxtemplate0032
"Starbucks Refreshers™ Blueberry Acai", SB0539
"Starbucks Refreshers™ Raspberry Pomegranate", SB0538
"Starbucks Reserve® Cold Brew", SB0379
"Starbucks Reserve® Dark Chocolate Mocha", SB0384
"Starbucks Reserve® Hazelnut Bianco Latte", SB0396
"Starbucks Reserve® Iced Dark Chocolate Mocha", SB0385
"Starbucks Reserve® Iced Hazelnut Bianco Latte", SB0397
"Starbucks Reserve® Iced Latte", SB0380
"Starbucks Reserve® Latte", SB0381
"Starbucks Reserve® Nitro Cold Brew", SB0383
"Starbucks® BBQ Potato Chips", SB0009
"Starbucks® Blonde Caffè Americano", SB0235
"Starbucks® Blonde Caffè Latte", SB0236
"Starbucks® Blonde Cappuccino", SB0237
"Starbucks® Blonde Caramel Cloud Macchiato* (Contains eggs)", SB0413
"Starbucks® Blonde Cocoa Cloud Macchiato* (Contains eggs)", SB0417
"Starbucks® Blonde Doubleshot® On Ice", SB0238
"Starbucks® Blonde Flat White", SB0239
"Starbucks® Blonde Vanilla Latte", SB0240
"Starbucks® Cold Brew Coffee", SB0066
"Starbucks® Cold Brew Coffee with Milk", SB0374
"Starbucks® Dark Chocolate Salted Peppermint Bark 3.5 oz (11/6 -1/4)", SB0077
"Starbucks® Dark Chocolate Sea Salt Caramels 4 oz (11/6 -1/4)", SB0560
"Starbucks® Milk Chocolate Cranberries", SB0168
"Steamed Apple Juice", SB0241
"Steamed Milk", SB0243
"Steamers", sbuxtemplate0015
"Stevia", SBMOD0029
"Strawberries", SBMOD0070sbuxmods_inventory0032
"Strawberry Açaí Lemonade Starbucks Refreshers® Iced Beverage", SB0245
"Strawberry Açaí Starbucks Refreshers® Iced Beverage", SB0246
"Strawberry Frappuccino® Blended Beverage", SB0248
"Strawberry Funnel Cake Crème Frappuccino® Blended Beverage", SB0472
"Strawberry Funnel Cake Frappuccino® Blended Beverage", SB0430
"Strawberry Overnight Grains", SB0249
"Strawberry Puree", sbuxmods_inventory0033
"Strawberry Purée", SBMOD0071
"String Cheese", SB0234
"Sugar", SBMOD0026sbuxmods_inventory0027
"Sugar Cookie Almondmilk  Frappuccino®  Blended Beverage", SB0526
"Sugar Cookie Almondmilk Crème Frappuccino® Blended Beverage", SB0525
"Sugar Cookie Almondmilk Latte", SB0522
"Sugar Free Cinnamon Dolce Syrup", SBMOD0018sbuxmods_inventory0066
"Sugar Free Vanilla Syrup", SBMOD0019sbuxmods_inventory0067
"Sugar Plum Cheese Danish (11/6 - 11/4)", SB0252
"Sugar in the Raw", SBMOD0030sbuxmods_inventory0024
"Sumatra Clover®", SB0328
"Sumatra Lake Toba Clover®", SB0392
"Sun-Dried Papua New Guinea Ulya Chemex Starbucks Reserve®", SB0499
000 smallholder farmers have committed themselves to the delicate method of sun-drying coffee—a rarity in Papua New Guinea. For the second year, In the Western Highlands of Papua New GuineaIn the Western Highlands of Papua New GuineaIn the Western Highlands of Papua New Guinea
"Sun-Dried Papua New Guinea Ulya Clover X Starbucks Reserve®", SB0500
"Sun-Dried Papua New Guinea Ulya Coffee Press Starbucks Reserve®", SB0501
"Sun-Dried Papua New Guinea Ulya Iced Pour Over Starbucks Reserve®", SB0502
000 smallholder farmers have committed themselves to the delicate method of sun-drying coffee—a rarity here. For the second year, In the Western Highlands of Papua New GuineaIn the Western Highlands of Papua New GuineaIn the Western Highlands of Papua New Guinea
"Sun-Dried Papua New Guinea Ulya Pour Over Starbucks Reserve®", SB0503
"Sun-Dried Papua New Guinea Ulya Siphon Starbucks Reserve®", SB0504
"Sundried Brazil Sertao Clover®", SB0398
"Sweet Cream", sbuxmods_inventory0018
"Sweet Cream Cold Foam", SBMOD0049
"Sweet Potato Kettle Potato Chips", SB0253
"Sweetened Condensed Milk 14 oz. (GSF-Hawaii Only)", SB0558
"S’mores Frappuccino® Blended Crème", SB0204
"Tall", sbuxmods_inventory0002
"Target Bullseye Cookie", SB0490
"Tea Bag", sbuxmods_inventory0075
"Teavana(TM/MC) Sparkling Blood Orange Mango White Tea", SB0256SB0258
"Teavana® Mango Black Tea", SB0542
"Teavana® Sparkling Unsweetened Peach Nectarine Green Tea", SB0554
"That's It® – Apple + Blueberry Bar", SB0262
"That's It® – Apple + Mango Bar", SB0261
"The Classic – Bantam Bagels (2-pack)", SB0451
"This Bar Saves Lives™ Madagascar Vanilla Almond & Honey Bar", SB0255
"This Bar Saves Lives™ – Dark Chocolate Cherry & Sea Salt Bar", SB0459
"This Bar Saves Lives™ – Dark Chocolate Peanut Butter & Sea Salt Bar", SB0254
"This Bar Saves Lives™ – Wild Blueberry Pistachio Bar", SB0460
"Tillamook Medium Cheddar", SB0482
"Tillamook Sharp White Cheddar", SB0483
"Toasted", SBMOD0082
"Toasted Almond & Banana Nut Square", SB0215
"Toasted Honey Topping", sbuxmods_inventory0048
"Toasted White Chocolate Crème Frappuccino® Blended Beverage", SB0520
"Toasted White Chocolate Mocha", SB0265
"Toasted White Chocolate Mocha Frappuccino® Blended Beverage", SB0266
"Toasted White Hot Chocolate", SB0518
"Toffee Nut Syrup", SBMOD0020sbuxmods_inventory0068
"Tomato & Mozzarella", SB0442
"Tree Top Apple Juice Box", SB0269
"Trenta", sbuxmods_inventory0005
"Triple", sbuxmods_inventory0036
"Turkey & Basil Pesto", SB0270
"Turkey Pesto Panini", SB0448
"Unicorn Cake Pop", SB0288
"Vanilla Bean Crème Frappuccino® Blended Beverage", SB0272
"Vanilla Bean Powder", sbuxmods_inventory0019
"Vanilla Bean Whoopie Pie", SB0475
"Vanilla Biscotti with Almonds", SB0273
"Vanilla Crème", SB0274
"Vanilla Latte", SB0319
"Vanilla Powder", SBMOD0077
"Vanilla Sweet Cream Cold Brew", SB0276
"Vanilla Sweet Cream Cold Foam", sbuxmods_inventory0050
"Vanilla Syrup", SBMOD0010sbuxmods_inventory0069
"Veggie & Brown Rice Salad Bowl", SB0446
"Venti", sbuxmods_inventory0004
"Veranda Blend® Clover®", SB0356
"Very Berry Hibiscus Lemonade Starbucks Refreshers® Iced Beverage", SB0277
"Very Berry Hibiscus Starbucks Refreshers™", SB0278
"Violet Drink", SB0279
"Warmed", SBMOD0081
"Whipped Cream", SBMOD0042sbuxmods_inventory0042
"White Chocolate Crème Frappuccino® Blended Beverage", SB0280
"White Chocolate Mocha", SB0281
"White Chocolate Mocha Frappuccino® Blended Beverage", SB0282
"White Chocolate Mocha Sauce", SBMOD0023sbuxmods_inventory0058
"White Hot Chocolate", SB0283
"White Tea (splash)", SBMOD0067
"Whole", SBMOD0002
"Whole Milk", sbuxmods_inventory0010
"Zesty Chicken & Black Bean Salad", SB0445
"none", sbuxmods_inventory0008
